targets,simple_pagerank,personalized_pagerank,weighted_pagerank,weighted_personalized_pagerank
Protein_1,0.25,0.30538338526490594,0.25706313946195525,0.3160053693651841
Protein_2,0.25,0.2530579783275101,0.27648480667277864,0.2787702877723643
Drug_1,0.25,0.22077931820379193,0.29352595575726836,0.2701495555887174
Drug_2,0.25,0.22077931820379193,0.17292609810799772,0.1350747872737344
